title,url,description,likes
Helios,https://fossunited.org/fosshack/2023/project?project=Helios,"The 6 degree-of-freedom rocket model is a simulation that accurately predicts the trajectory, apogee, and other parameters of a rocket during flight. It takes into account atmospheric conditions, turb",44
VizhiTamil,https://fossunited.org/fosshack/2023/project?project=VizhiTamil,"The Vizhi Tamil App is an open source android application that is incredibly useful for individuals who are visually impaired. Developed with Kotlin, this app utilizes the trained Tesseract model and ",20
Spell4Wiki,https://fossunited.org/fosshack/2023/project?project=Spell4Wiki,"Spell4Wiki > Spell For Wiktionary(Wikimedia Commons).\nSpell4Wiki is mobile app for upload audio files to Wikimedia commons and Wiktionary based multilingual dictionary.\n\n",18
Wiki-Bulky,https://fossunited.org/fosshack/2023/project?project=Wiki-Bulky,"Wiki-Bulky --> Bulk download of media files from Wikimedia commons & Bulk upload of words with meaning to Wikitionary.\n",13
SpotWikiEdit,https://fossunited.org/fosshack/2023/project?project=SpotWikiEdit,"An firefox addon for a wikipedia that enables the wiki user to edit the wikipage without going into editmode. They can spot a mistake in UI and double click on it and edit it. ",13
Quick-Wiktionary,https://fossunited.org/fosshack/2023/project?project=Quick-Wiktionary,"Getting word meaning from wkitionary, while selecting the word in browser for any website.",10
Carbo,https://fossunited.org/fosshack/2023/project?project=Carbo,"Our application is to popularize and promote the system of carbon credits to the common people as a way of income along with sustainable¬†development.",6
PODCLI,https://fossunited.org/fosshack/2023/project?project=PODCLI,"PodCli is a open source and free software that delivers short and crisp summaries of lengthy and boring videos and audios of Podcast",6
WRAP,https://fossunited.org/fosshack/2023/project?project=WRAP,"WRAP features the best waste management system for rapidly growing cities. An online platform for e-waste buyers, sellers and all other kinds of waste management industries. WRAP mainly serves as a pl",6
SWIM,https://fossunited.org/fosshack/2023/project?project=SWIM,"An emotional indicator to music.",6
FossFolio,https://fossunited.org/fosshack/2023/project?project=FossFolio,"FossFolio is a web application that lets you host events and hackathons and lets users buy tickets for your events. we provide a dashboard to the event host to access participants' info. in our beta v",5
DISS-LEXIA,https://fossunited.org/fosshack/2023/project?project=DISS-LEXIA,"Helping people suffering from Dyslexia to read websites easily with an open source tool",5
Weather Predictor,https://fossunited.org/fosshack/2023/project?project=Weather%20Predictor,"We will be creating a website/webapp by integrating ML algorithms which analyses the past data of weather across India and predicts the future weather. Furthermore, this model can also predict humidit",5
DNArchery,https://fossunited.org/fosshack/2023/project?project=DNArchery,"A free and open-source DNA Sequencing/Visualization software for bioinformatics research.",5
Project UniNet,https://fossunited.org/fosshack/2023/project?project=Project%20UniNet,"UniNet is a platform for College students to showcase their skills and collaborate with other students.",5
Mon Events,https://fossunited.org/fosshack/2023/project?project=Mon%20Events,"A platform to host meetups, hackathons and conferences",5
Chat Neuron,https://fossunited.org/fosshack/2023/project?project=Chat%20Neuron,"An Application and an AI Library can able to train NLP Chatbot Model with own custome dataset. User or Developer can able to train the AI NLP chat bot Model by uploading their custome dataset.",4
CircuitVerse Improvements Project,https://fossunited.org/fosshack/2023/project?project=CircuitVerse%20Improvements%20Project,"This project contains minor and major improvements in CircuitVerse core repositories",4
Seyali,https://fossunited.org/fosshack/2023/project?project=Seyali,"Computer vision is a highly booming technology where a lot of data are handled. As the data usage is too much there is a lack of data annotation/training tools. Our aim is to develop an opensource too",4
Melos,https://fossunited.org/fosshack/2023/project?project=Melos,"An emotional indicator to music.",4
FIYOC,https://fossunited.org/fosshack/2023/project?project=FIYOC,"The objective of this project is to develop a system that can efficiently search for the best open source contributor based on the specific needs of the company. This will help the company to find the",4
Shooting Words,https://fossunited.org/fosshack/2023/project?project=Shooting%20Words,"A Shooter Game which helps you learn Languages in a fun and engaging way. ",4
Cheapify,https://fossunited.org/fosshack/2023/project?project=Cheapify,"\\*\\*An aggregator for aggregators!\\*\\*\n\nA web application to aggregate data from various e-commerce websites like amazon, flipkart, snapdeal, etc. and provide the user with the best price for the product",4
FURN X AR,https://fossunited.org/fosshack/2023/project?project=FURN%20X%20AR,"Preview furniture in real time, adjust size and placement, and explore endless design possibilities. Perfect for interior designers, architects, and anyone who loves to experiment with different desig",4
Bon-Voyage,https://fossunited.org/fosshack/2023/project?project=Bon-Voyage,"Bon-Voyage allows users to compare the costs and travel times of buses, trains, and planes while moving from one location to another, thereby saving a tonne of time.",4
Precio,https://fossunited.org/fosshack/2023/project?project=Precio,"Precio is a comprehensive application designed to assist modern farmers in optimizing their agricultural operations by incorporating precision farming practices. ",4
SafeChat,https://fossunited.org/fosshack/2023/project?project=SafeChat,"SafeChat is a open-source and secure chat app that prioritizes security in every aspect. It's easy to use and provides a platform for the secure exchange of confidential data.\n\nSafeChat provides a sec",4
PING-T,https://fossunited.org/fosshack/2023/project?project=PING-T,"An anti-spam and fraud detection technology, Similar to Truecaller, that identifies the bank-verified names of associated phone numbers in order to avoid spam and fraud.In contrast to Truecaller, wher",4
Dypres,https://fossunited.org/fosshack/2023/project?project=Dypres,"Dypres allows presentations that are tailored to the specific needs of the audience, and that can be updated on the fly to ensure that the most relevant and up-to-date information is always being pres",4
MinutE,https://fossunited.org/fosshack/2023/project?project=MinutE,"An open-source software to maximize your time and minimize your effort by making time efficient schedules minute by minute for you:))\n\n",4
VisualIT,https://fossunited.org/fosshack/2023/project?project=VisualIT,"VisualIT is a web app for visualizing a bunch of different sorting algorithms like merge sort , bubble sort ,etc.\n",3
Signo,https://fossunited.org/fosshack/2023/project?project=Signo,"About 70 million people in this world are unable to communicate with us properly due to their inability to speak or hear. What we sought to create was an innovative product that would be accessible to",3
CareerTrack,https://fossunited.org/fosshack/2023/project?project=CareerTrack,"CareerTrack is a web app designed to help users track and analyze job opportunities. Our app helps to improve productivity and saves time spent on regularly checking mails as well. Email is also track",3
Helper,https://fossunited.org/fosshack/2023/project?project=Helper,"A structured website for efficient learning and an inbuilt Resume Builder. ",3
snipd,https://fossunited.org/fosshack/2023/project?project=snipd,"Notes, articles, and PDF files across multiple web pages, made easy to annotate and organize via a user-friendly extension (and friends)",3
MC Coffee Roosters website -A Cafe website that is open source,https://fossunited.org/fosshack/2023/project?project=MC%20Coffee%20Roosters%20website%20-A%20Cafe%20website%20that%20is%20open%20source," Welcome to our open source cafe website. Our menu features fair trade coffee and locally sourced baked goods. \nThis Project is built using HTML and CSS only . ",3
Form Ease,https://fossunited.org/fosshack/2023/project?project=Form%20Ease,"Let me introduce you to Form Ease, the best software for quickly building interesting quizzes! You can quickly turn your quiz questions from a sheet into a fully-featured quiz web app that users can a",3
Task cruncher,https://fossunited.org/fosshack/2023/project?project=Task%20cruncher,"Command lines are no more boring to work on.User will get random Game suggestions when typing bored on linux/windows/mac",3
Raven,https://fossunited.org/fosshack/2023/project?project=Raven,"Raven is a simple work messaging tool that is built using Frappe Framework and can be installed on any new or existing Frappe site (e.g. in addition to ERPNext or Gameplan). It is designed to help tea",3
Project Xero,https://fossunited.org/fosshack/2023/project?project=Project%20Xero,"A tiny project that strives to create an impact",3
PiP cc and controls,https://fossunited.org/fosshack/2023/project?project=PiP%20cc%20and%20controls,"Browser extension for picture in picture mode ",3
WEATHER\_APP,https://fossunited.org/fosshack/2023/project?project=WEATHER_APP,"well in this project were trying to improve and customize a simple weather forecast app",3
ThriftMe,https://fossunited.org/fosshack/2023/project?project=ThriftMe,"An open-source app for managing personal finances that uses gamification to encourage users to make savings and reach their financial goals.",2
Docker Management Tool,https://fossunited.org/fosshack/2023/project?project=Docker%20Management%20Tool,"A tool used to manage docker containers like auto updating the images, creating the new version of the container etc with a simple UI eliminating the need to type the long commands in the terminal.",2
Cherava,https://fossunited.org/fosshack/2023/project?project=Cherava,"Cherava, a web based scraper environment that focuses on simplicity.",2
OpenBeep,https://fossunited.org/fosshack/2023/project?project=OpenBeep,"anyone can create and deploy crypto currencies that can flow and also if needed they can add liquidity to their created supertokens.",2
VS Code Advanced Search,https://fossunited.org/fosshack/2023/project?project=VS%20Code%20Advanced%20Search,"This project will bring in advanced code search features to VS code. This includes a search query language and other capabilities. ",2
ArchX,https://fossunited.org/fosshack/2023/project?project=ArchX,"A platform where users can choose architects, compare them, get quotes, auction designs and buy fitments and other selected accessories.",2
Netflix Landing page clone,https://fossunited.org/fosshack/2023/project?project=Netflix%20Landing%20page%20clone,"This is cloning page of netflix",2
DevDoctors-CARE,https://fossunited.org/fosshack/2023/project?project=DevDoctors-CARE,"DevDoctors is a project to save lives through code by contributing to the FOSSHack 3.0 Partner Project-Care \nCARE is a Digital Public Good enabling TeleICU & Decentralised Administration of Healthcare",2
Agrow app,https://fossunited.org/fosshack/2023/project?project=Agrow%20app,"This app is created for farmers through which they can check their plant disease by clicking their plants leaf picture and get soln too,we have feature for farmer to sell their products without the in",2
WebClipper,https://fossunited.org/fosshack/2023/project?project=WebClipper,"Our bookmark extension project is designed to help users mark and save specific sections of web pages or articles for future reference. With our extension, users can easily highlight and bookmark impo",2
OpenAssistant - Safety Team,https://fossunited.org/fosshack/2023/project?project=OpenAssistant%20-%20Safety%20Team,"Contribute safety datasets to build a safety model for OpenAssistant(an open-source alternative to ChatGPT). The safety model will flag potentially malicious user requests and nudge OpenAssistant to r",2
KTU STUDY BUDDY,https://fossunited.org/fosshack/2023/project?project=KTU%20STUDY%20BUDDY,"A one stop educational hub for KTU scholars, with access to Syllabi, Class Notes, Previous Year Question Papers, Resources to develop our skill-set and SGPA calculator and Result Analyser.",2
AltFreeSource,https://fossunited.org/fosshack/2023/project?project=AltFreeSource,"A tool that helps the user in managing his/her finances, using Gmail API, fetching data from bank alert emails",2
WebCapture,https://fossunited.org/fosshack/2023/project?project=WebCapture,"This browser extension lets users to quickly segregate Youtube video notes, create timestamps.",2
Resume Builder,https://fossunited.org/fosshack/2023/project?project=Resume%20Builder,"The Open Source Resume Analyzer project is a powerful tool designed to help recruiters and hiring managers analyze and assess job applicants' resumes quickly and easily.",2
The Exam Timekeeper,https://fossunited.org/fosshack/2023/project?project=The%20Exam%20Timekeeper,"This tool provides a visual representation of the time remaining until the next exam, helping aspirants plan their study schedules accordingly.",2
WebScope,https://fossunited.org/fosshack/2023/project?project=WebScope,"A free and open source web extension for users to filter out websites for content reading based on their preferred priorities.",2
MindBlog,https://fossunited.org/fosshack/2023/project?project=MindBlog,"Our mental health blog is designed using HTML, CSS, and other basic web development tools to create an engaging and user-friendly platform for individuals to share their thoughts and experiences relat",2
FixMyCity,https://fossunited.org/fosshack/2023/project?project=FixMyCity,"An Open Source mobile app for tracking and reporting civic issues such as potholes, streetlight outages, and garbage collection. This app allows users to take a photo of the issue and submit it along ",2
Medical Report Analyser,https://fossunited.org/fosshack/2023/project?project=Medical%20Report%20Analyser,"A platform where the user can upload their urine and blood test results and can get suggestions on how to improve their health condition ",2
Present.io,https://fossunited.org/fosshack/2023/project?project=Present.io,"A useful tool that allows you to know who is currently at your hostel. ",2
Mario game,https://fossunited.org/fosshack/2023/project?project=Mario%20game,"Develop a user friendly block mario game using js and html canvas",2
alacarte,https://fossunited.org/fosshack/2023/project?project=alacarte,"A prototype for realtime peer to peer collaborative shopping cart.",2
Lorem Ipsum,https://fossunited.org/fosshack/2023/project?project=Lorem%20Ipsum,"Freetube is an existing client for watching youtube videos without tracking from Google. We revamped it to look more modern.",2
Dino Privacy Extention,https://fossunited.org/fosshack/2023/project?project=Dino%20Privacy%20Extention,"A Chrome extension for those who are tired of being followed around the internet like a lost puppy! This detects annoying trackers on websites and gives you the power to block them with just a click o",2
DigiBot - Your Personal AI Assistant,https://fossunited.org/fosshack/2023/project?project=DigiBot%20-%20Your%20Personal%20AI%20Assistant,"DigiBot - An AI assistant that interacts with its users via voice and text. DigiBot can answer questions on a wide variety of topics including literature, general knowledge and programming.\n\nAn early ",2
Cactus,https://fossunited.org/fosshack/2023/project?project=Cactus,"Cactus is an open source backend with integrated database with data validation, entity/relationship builder and REST apis.\n",2
VoicePick,https://fossunited.org/fosshack/2023/project?project=VoicePick,"Its actually ColorPick\nAn Image colour segmention into different colours uisng watershed algorithm using Computer Vision and python",2
NetFuse,https://fossunited.org/fosshack/2023/project?project=NetFuse,"NetFuse is an self hosted solution to provide http and tcp tunelling with internal network management solution",2
weather,https://fossunited.org/fosshack/2023/project?project=weather,"gives weather info of a particular area",2
LearnAwesome.org,https://fossunited.org/fosshack/2023/project?project=LearnAwesome.org,"Google Maps for learning things on the web",2
JigSaw - Efficient Notes App,https://fossunited.org/fosshack/2023/project?project=JigSaw%20-%20Efficient%20Notes%20App,"This is a app that will allow you to effectively organise your whether its your academic notes or your work notes or just general notes",2
Envixi,https://fossunited.org/fosshack/2023/project?project=Envixi,"Envixi(envixi.org) is aimed at helping businesses manage, monitor and improve their ESG performance.\n\n\n",2
mssautoplot GUI for MSS,https://fossunited.org/fosshack/2023/project?project=mssautoplot%20GUI%20for%20MSS,"A GUI for mssautoplot CLI would let users download hundreds of plots with configured parameters in a user-friendly manner.\n",2
Bulla,https://fossunited.org/fosshack/2023/project?project=Bulla,"Personal Finance Manager: Single place to track all transactions (upload different types of transactions), Dashboard to view monthly expenses, to add/view notes from personal analysis, track action it",2
BotMate,https://fossunited.org/fosshack/2023/project?project=BotMate,"BotMate enables easy and speedy Telegram bot building using web based application, with custom JavaScript code writing using built-in functions for commands management, message sending, and more. It c",2
Telegram Link Replacer Chrome Extension,https://fossunited.org/fosshack/2023/project?project=Telegram%20Link%20Replacer%20Chrome%20Extension,"Replaces 't.me' with 'telegram.me' in URLs Automatically .",2
XeroCodee,https://fossunited.org/fosshack/2023/project?project=XeroCodee,"With the help of the top \"no-code\" software development platform, XeroCodee, anyone can create, publish, and maintain their own software applications, tech products, or tools to address business issue",2
Kukkee,https://fossunited.org/fosshack/2023/project?project=Kukkee,"Kukkee is a fast, free and open source meeting poll tool",1
Snake game,https://fossunited.org/fosshack/2023/project?project=Snake%20game,"casual snake game ",1
Bruno,https://fossunited.org/fosshack/2023/project?project=Bruno,"Local-first, Opensource IDE for Exploring and Testing API's",1
GG,https://fossunited.org/fosshack/2023/project?project=GG,"A bookmark management web app with sleek UI and cool features",1
waymond,https://fossunited.org/fosshack/2023/project?project=waymond,"Autoscale Anything Anywhere All at once!",1
Surplus Food Management,https://fossunited.org/fosshack/2023/project?project=Surplus%20Food%20Management,"Whatever the occasion, from house parties to weddings, there may be times when the food was prepared in excess and we almost threw it away. Yet, did you know that 828 million people go to bed hungry?",1
GCP Local,https://fossunited.org/fosshack/2023/project?project=GCP%20Local,"Extract, rotate, and delete pages instantly, or combine PDFs, all in just a few clicks.",1
Polymorph,https://fossunited.org/fosshack/2023/project?project=Polymorph,"A one stop shop for all your image conversion needs, for frontend devs",1
MailMan,https://fossunited.org/fosshack/2023/project?project=MailMan,"Sending emails can be a time-consuming and tedious task, especially when sending messages to a large group of recipients. Mailman is a mass email sending tool that can help streamline this process, sa",1
Photon,https://fossunited.org/fosshack/2023/project?project=Photon,"Photon is a cross-platform file-transfer application built using flutter. It uses http to transfer files between devices. You can transfer files between devices that run Photon.",1
Mail View,https://fossunited.org/fosshack/2023/project?project=Mail%20View,"A snappy minimal mail UI client that:\n- Exposes a RESTful interface that maybe used to extend the client/interact with it in a more user friendly manner\n- Does not use the standard `mbox`, `maildir` f",1
Lama2,https://fossunited.org/fosshack/2023/project?project=Lama2,"Lama2 is a plain-text powered API client/manager. It is a FOSS replacement for tools such as Postman/Insomnia, with a git-oriented workflow. Lama2 arguably has one of the cleanest syntax for API specs",1
Online Shopping website,https://fossunited.org/fosshack/2023/project?project=Online%20Shopping%20website,"Scalable online shopping website using python and Django.",1
Codehere,https://fossunited.org/fosshack/2023/project?project=Codehere,"Codehere is a learning platform which helps you to take your basic coding skill to the application level.",1
Project Management System,https://fossunited.org/fosshack/2023/project?project=Project%20Management%20System,"Seiri is an Open Source Project Management System which is a web-based tool designed for managing projects, tasks, and resources. This project management system is designed to be open source, customiz",1
Code Snippet Manager,https://fossunited.org/fosshack/2023/project?project=Code%20Snippet%20Manager,"It allows users to quickly retrieve and insert commonly used code snippets into their current projects, saving time and effort.\n\n",1
Cherrify,https://fossunited.org/fosshack/2023/project?project=Cherrify,"Contributing to a open source charity platform based in Himachal Pradesh",1
Calculator,https://fossunited.org/fosshack/2023/project?project=Calculator,"Works similar to the normal calci for n inputs without any declaration of size ",1
FinTrack,https://fossunited.org/fosshack/2023/project?project=FinTrack,"the open-source tool for pixel-perfect website migrations. Compare screenshots to achieve a perfect match when migrating to a new stack or spotting differences in similar web pages.",1
Credit Card fraud detection,https://fossunited.org/fosshack/2023/project?project=Credit%20Card%20fraud%20detection,"This is a basic method of detecting fraud in credit card transactions through the various identification markers present.",1
aicombinator,https://fossunited.org/fosshack/2023/project?project=aicombinator,"This is a product that lets you automate complex online tasks across multiple websites and webapps by describing them in natural language. \n\nFor example: \"Register myshop.com on Google Domains. Then s",1
She can,https://fossunited.org/fosshack/2023/project?project=She%20can,"A platform for womens to empower her mental health by monitoring and also develop her skills in three concepts of learning which is learn from expertise, learn from intraction and learn from experienc",1
Awesome\_food,https://fossunited.org/fosshack/2023/project?project=Awesome_food,"we tried to clone the modern food websites.",1
Flicker,https://fossunited.org/fosshack/2023/project?project=Flicker,"Flicker is a video editor app that allows users to create stunning screencasts from their recordings. With a user-friendly interface and a variety of templates, users can easily customize their videos",1
Crop detection and identification,https://fossunited.org/fosshack/2023/project?project=Crop%20detection%20and%20identification,"A machine learning project to detect crops and weeds in an agricultural field and provide appropriate data for supplying needed fertilizers and nutrients for the plants.",1
Unearthly,https://fossunited.org/fosshack/2023/project?project=Unearthly,"A Company Which Strives to Provide solutions on Daily basis Problems.",1
Home Assistant,https://fossunited.org/fosshack/2023/project?project=Home%20Assistant,"Home Assistant is a super well known Open Source Home Automation System üè°üí´\nWe'd like to bring a fresh new touch to the IDEA of Home Automation, with focus on making a personal statement. üòé\n",1
UNDERGROUND CABLE FAULT DETECTION,https://fossunited.org/fosshack/2023/project?project=UNDERGROUND%20CABLE%20FAULT%20DETECTION,"Overcoming with one technical solution to detect the faults which are striking in Underground cables with the help of in-build ADC (Analog to Digital Converter) of the Raspberry pi Pico controller kit",1
Snappy - Screen Recorder for Chrome,https://fossunited.org/fosshack/2023/project?project=Snappy%20-%20Screen%20Recorder%20for%20Chrome,"Screen Recorder extension for Chrome like Loom (https://www.loom.com)\nFeatures\n\\* Users will be able to capture full screen and also their camera which will be displayed as an overlay over the screen\n",1
UNIVERSITY DATABASE,https://fossunited.org/fosshack/2023/project?project=UNIVERSITY%20DATABASE,"University database have two main entites with STUDENT and FACULTY.Each entity have different attributes like id,name,phone number etc..\nSearching of the required data is available,updating the data i",1
wild guide,https://fossunited.org/fosshack/2023/project?project=wild%20guide,"This is an application which is really helpful for adventure lovers, who go for trekking in the wild. It detects the plants and gives its details which may be very helpful for trekkers.",1
OpenBadgX,https://fossunited.org/fosshack/2023/project?project=OpenBadgX,"An Open Source web app that allow you to issue personalized and verifiable certificates and badges in ease. Includes end-to-end functionality for awarding event/course certificates from template creat",1
GrieveBin,https://fossunited.org/fosshack/2023/project?project=GrieveBin,"A student's life is often considered as the time he/she develops, learns new things, gets experiences and along with it, he/she goes through a variety of grievances be it financial, institutional, per",1
API Dash,https://fossunited.org/fosshack/2023/project?project=API%20Dash,"API Dash is a beautiful open-source cross-platform HTTP Client that can help you explore APIs.",0
Project Manager,https://fossunited.org/fosshack/2023/project?project=Project%20Manager,"A web app that helps the project manager to keep track of the team members' progress and find the best path to approach a project .",0
Halo,https://fossunited.org/fosshack/2023/project?project=Halo,"Simple, but revolutionary.",0
Contributing to React-Play,https://fossunited.org/fosshack/2023/project?project=Contributing%20to%20React-Play,"Contributions to partner projects react-play and learn-awesome",0
OCaml-Multicore: Lockfree data structures,https://fossunited.org/fosshack/2023/project?project=OCaml-Multicore:%20Lockfree%20data%20structures,"Lockfree data structures in OCaml Multicore",0
Cloudbase,https://fossunited.org/fosshack/2023/project?project=Cloudbase,"Simple way to deploy and monitor applications and databases on cloud",0
Note Everything,https://fossunited.org/fosshack/2023/project?project=Note%20Everything,"Free and open source alternative for notepad with much added features .",0
Esurio Serpens,https://fossunited.org/fosshack/2023/project?project=Esurio%20Serpens,"Our goal is to control a snake and eat as many food items as possible without running into any obstacles.",0
HANGMAN-GAME,https://fossunited.org/fosshack/2023/project?project=HANGMAN-GAME,"Hangman is a word-guessing game where the user has to use his/her wits to figure out the word",0
Park,https://fossunited.org/fosshack/2023/project?project=Park,"Contributes to vaishakh3/Lipsum.",0
OpenSource Password Manager,https://fossunited.org/fosshack/2023/project?project=OpenSource%20Password%20Manager,"Password Generation | Encryption | Browser Integration | Opensource",0
‚åØGoDownloader,https://fossunited.org/fosshack/2023/project?project=%E2%8C%AFGoDownloader,"As the name of the project suggests it's a download manager that uses Golang.\n\n",0
Agriculture,https://fossunited.org/fosshack/2023/project?project=Agriculture,"We r making which help the farmers in all kinds of way like providing suitable information regarding the crops,fertilizers and pesticides and helping the farmers to get the equipments in suitable pric",0
SyncVid,https://fossunited.org/fosshack/2023/project?project=SyncVid,"Group sync play video on any web page",0
Emergency response system,https://fossunited.org/fosshack/2023/project?project=Emergency%20response%20system,"A graphical interface for easily reporting emergencies such as accidents,fires etc more easily and efficiently.\nAlerts all departments necessary and shows the details in a visually mapped way",0
Suraksh,https://fossunited.org/fosshack/2023/project?project=Suraksh,"The goal of this project is to build an anonymous reporting system against drugs and drug trafficking. The system will be built as a web app, which can also be easily converted to a mobile app. The sy",0
IOT Industry Protection System Arduino,https://fossunited.org/fosshack/2023/project?project=IOT%20Industry%20Protection%20System%20Arduino,"The IOT industry protection system using Arduino is a system designed to protect industries from losses due to accidents using Internet of things",0
Adding QUIC as transport for rumqtt,https://fossunited.org/fosshack/2023/project?project=Adding%20QUIC%20as%20transport%20for%20rumqtt,"QUIC or RFC 9000 solves some interesting challenges that have great prospect in solving the problems in IoT networks. rumqtt is a pure rust implementation of the MQTT protocol, by adding support for Q",0
Backtesting\_Stocks,https://fossunited.org/fosshack/2023/project?project=Backtesting_Stocks,"Backtesting historical stock data.",0
omnichannel commerce with Frappe,https://fossunited.org/fosshack/2023/project?project=omnichannel%20commerce%20with%20Frappe,"All-in-one commerce platform\nSell anywhere you want from one platform.\nFrom Direct2Customer to retail to Business2Business to social media, sell across every channel and market‚Äîfrom one dynamic platfo",0
The-IoT-Project,https://fossunited.org/fosshack/2023/project?project=The-IoT-Project,"Self-hosted, lightweight IoT backend platform for managing IoT hardware devices with device monitoring, data collection and more inspired by Firebase.",0
Banking system,https://fossunited.org/fosshack/2023/project?project=Banking%20system,"Internet is being widely used as means of communication and referred as window to the world. People now rely on the internet to search for information, to purchase merchandise and to be informed of di",0
Artessa,https://fossunited.org/fosshack/2023/project?project=Artessa,"Artessa is a graphic design platform that allows users to create a wide variety of visual content, including social media graphics, presentations, posters, flyers, and more. An app like this would lik",0
WebSec,https://fossunited.org/fosshack/2023/project?project=WebSec,"Improving website security using extension ",0
Disaster relief,https://fossunited.org/fosshack/2023/project?project=Disaster%20relief,"A disaster relief app is designed to address a specific problem related to disaster relief and preparedness. The app provides a unique and innovative solution that can help individuals and communities",0
"OrbitClean" - A Space Debris Cleaning App,https://fossunited.org/fosshack/2023/project?project=%22OrbitClean%22%20-%20A%20Space%20Debris%20Cleaning%20App,"\"OrbitClean\" is a mobile application designed to help clean up space debris and prevent collisions with active spacecraft. ",0
demo,https://fossunited.org/fosshack/2023/project?project=demo,"deml",0
Simple cals,https://fossunited.org/fosshack/2023/project?project=Simple%20cals,"simple calculator ",0
Contributing to Listmonk API Docs,https://fossunited.org/fosshack/2023/project?project=Contributing%20to%20Listmonk%20API%20Docs,"Create a swagger collection for Listmonk APIs",0
Bike Rental system,https://fossunited.org/fosshack/2023/project?project=Bike%20Rental%20system,"1.1 Purpose\nFrom the BikeBook people would be able to rent the bike from a specific renting point. And they can rent the bike for that specific time period and after their use, they can submit the bik",0
Seyrek,https://fossunited.org/fosshack/2023/project?project=Seyrek,"Seyrek is an open source website that gives information about hackathons and other tech events. Here you can ask and solve your questions and answers. It also helps you share your experiences and let ",0
Train Reservations,https://fossunited.org/fosshack/2023/project?project=Train%20Reservations,"This code was created in-order to show a small demo about how the train ticket reservations can be done in a basic c programming language. This comprises of reservations, cancellations and to display ",0
Pomodoro Productive web app,https://fossunited.org/fosshack/2023/project?project=Pomodoro%20Productive%20web%20app,"Pomodoro apps are digital tools that help individuals apply the Pomodoro Technique to their work.",0
Screenshots,https://fossunited.org/fosshack/2023/project?project=Screenshots,"Freedom from the conventional way of writing notes.",0
Digital Padhayi,https://fossunited.org/fosshack/2023/project?project=Digital%20Padhayi,"It's a website where students can attend their online classes on time.The students can join the online class through the dash board where timetable is displayed.They can join the class by just clickin",0
Renarration Web,https://fossunited.org/fosshack/2023/project?project=Renarration%20Web,"Renarration Web is a set of browser based tools for creation of alternative content to existing websites so that the pages are accessible to low-literate people. ",0
chat bot SL,https://fossunited.org/fosshack/2023/project?project=chat%20bot%20SL,"Chat Bot project is a desktop application which is developed in Python platform",0
SAAS Boilerplate,https://fossunited.org/fosshack/2023/project?project=SAAS%20Boilerplate,"SAAS Boilerplate in Python and FastAPI to build micro-saas software quickly.",0
Food crop auction system,https://fossunited.org/fosshack/2023/project?project=Food%20crop%20auction%20system,"An open source website for farmers and traders to bid food crops.",0
Face-Recognition-based-Attendance-System,https://fossunited.org/fosshack/2023/project?project=Face-Recognition-based-Attendance-System,"This project of machine learning Face Recognition based Attendance System. As the name says this project takes attendance using biometrics (in this case face).",0
ShapeShift,https://fossunited.org/fosshack/2023/project?project=ShapeShift,"A platform user come and make there digital avatar by minimum input",0
MyKanban,https://fossunited.org/fosshack/2023/project?project=MyKanban,"A simple task management application ",0
e-PAN QR Reader,https://fossunited.org/fosshack/2023/project?project=e-PAN%20QR%20Reader,"A specification and library to read e-PAN QR codes, created by reverse-engineering the Android mobile application.",0
Implicit,https://fossunited.org/fosshack/2023/project?project=Implicit,"Adding newer collaborative filtering algorithm to the python package implicit ",0
TIC\_TAC\_TOE,https://fossunited.org/fosshack/2023/project?project=TIC_TAC_TOE,"A fun game to relax and enjoy few moments with your close onws!!",0
Chit Funds: A blockchain based model to enhance trust and unlock value creation,https://fossunited.org/fosshack/2023/project?project=Chit%20Funds:%20A%20blockchain%20based%20model%20to%20enhance%20trust%20and%20unlock%20value%20creation,"Chit funds as a financial instrument have many strengths and weaknesses (in operations and\nadministration). Blockchain can be leveraged to address many of the challenges, which would\nreduce the inform",0
Automated-Data-Preprocessing,https://fossunited.org/fosshack/2023/project?project=Automated-Data-Preprocessing,"This Project aims at automating the entire data preprocessing workflow. This helps ML Engineers by allowing them to focus on formulating algorithms for training of ML models with improved accuracy rat",0
wac,https://fossunited.org/fosshack/2023/project?project=wac,"Run and monitor workflows as code from the terminal",0
Spotify,https://fossunited.org/fosshack/2023/project?project=Spotify,"We tried to clone Spotify website ",0
Mock Stock,https://fossunited.org/fosshack/2023/project?project=Mock%20Stock,"A stock market trading simulator",0
Linux UI Redesign,https://fossunited.org/fosshack/2023/project?project=Linux%20UI%20Redesign,"The linux UI redesign project is a comprehensive effort to overhaul the user interface of linux operating system.",0
TIDBITS,https://fossunited.org/fosshack/2023/project?project=TIDBITS,"TIDBITS is a machine-learning based model that makes use of CNN algorithm for detection of tumors in the MRI scans of the human brain. This brain tumor detection system helps in aiding towards improve",0
think\_tank,https://fossunited.org/fosshack/2023/project?project=think_tank,"think\\_tank is a web based game which allows users to create a quiz and allow their friends to participate and play the game. This webapp would be built using MERN stack. This webapp would help college",0
Vegitable cart - React,https://fossunited.org/fosshack/2023/project?project=Vegitable%20cart%20-%20React,"It is an UI for a cart where we can see a lot of vegetables. It is like a vegetable online store. I fetched the vegetable details from an API and showed them to the frontend. The UI is created using R",0
Project x,https://fossunited.org/fosshack/2023/project?project=Project%20x,"Project x is an open source project by Pro hub.This is one of the good idea for start up.",0
LED Badge Programmer,https://fossunited.org/fosshack/2023/project?project=LED%20Badge%20Programmer,"An LED badge is a fun way to introduce yourself and make new friends. What's the bummer ? They come with tools for .... Windows. Not Linux. Hence this project!",0
No Network Mobile Number Authentication,https://fossunited.org/fosshack/2023/project?project=No%20Network%20Mobile%20Number%20Authentication,"Supposing there is no mobile network in particular area but there is internet access (Wi-Fi/LAN) and we need an OTP for accessing a particular application (Android/Web).\nHow can we authenticate mobile",0
Contributing to accessibility for listmonk,https://fossunited.org/fosshack/2023/project?project=Contributing%20to%20accessibility%20for%20listmonk,"As part of hackthon , need to work on accessibility for listmonk",0
OpenMinds,https://fossunited.org/fosshack/2023/project?project=OpenMinds,"A mental health social media app providing a safe space for discussing issues, connecting with others, and accessing resources.",0
Papad - media tube with fragment annotator,https://fossunited.org/fosshack/2023/project?project=Papad%20-%20media%20tube%20with%20fragment%20annotator,"Papad (open.janastu.org/projects/papad) is a community media archiving platform that encourages media fragment annotations and hyper-media networking.\n\nFor the FOSS Hackathon, we can set up challenges",0